customer_id,full_name,email,customer_info
1,Soledad Cabrera Ríos,soledad.cabrera@outlook.com,Clave1000D!
2,Rony Chambilla Estrada,rony.chambilla@hotmail.com,Clave1001L!
3,Germán Molina Longo,german.molina@hotmail.com,Clave1002E!
4,Guadalupe Ochoa Ávila,guadalupe.ochoa@outlook.com,Clave1003B!
5,Beatriz Pacheco Chura,beatriz.pacheco@outlook.com,Clave1004D!
6,Armando Contreras Bazán,armando.contreras@hotmail.com,Clave1005W!
7,Rosario Pascual Román,rosario.pascual@hotmail.com,Clave1006O!
8,Flavia Olivares Mamani,flavia.olivares@icloud.com,Clave1007V!
9,Amanda Robles Palma,amanda.robles@icloud.com,Clave1008M!
10,Matilde Rivera Moreno,matilde.rivera@icloud.com,Clave1009B!
11,Andrea Aguilar Quiroga,andrea.aguilar@yahoo.com,Clave1010H!
12,Lourdes Peña Santos,lourdes.pena@outlook.com,Clave1011L!
13,Horacio Jara Segura,horacio.jara@gmail.com,Clave1012Q!
14,Gladys Villalba Amato,gladys.villalba@yahoo.com,Clave1013B!
15,Isabel Navarro García,isabel.navarro@icloud.com,Clave1014G!
16,Mercedes Gutiérrez Díez,mercedes.gutierrez@yahoo.com,Clave1015M!
17,Inés Pavez Córdoba,ines.pavez@outlook.com,Clave1016Y!
18,Isidora Vargas Toro,isidora.vargas@outlook.com,Clave1017A!
19,Verónica Mora Sanz,veronica.mora@icloud.com,Clave1018R!
20,Pablo Ávila Tapia,pablo.avila@yahoo.com,Clave1019A!
21,Rosa Pizarro Cáceres,rosa.pizarro@yahoo.com,Clave1020Y!
22,Fabián Ramos Catalán,fabian.ramos@icloud.com,Clave1021Q!
23,Ismael Cordova Fuentes,ismael.cordova@outlook.com,Clave1022L!
24,Martín Meza González,martin.meza@outlook.com,Clave1023B!
25,María Fernanda Forero Bedoya,mariafernanda.forero@gmail.com,Clave1024K!
26,Eduardo Reyes Martínez,eduardo.reyes@icloud.com,Clave1025C!
27,Sandro Condori Montes,sandro.condori@hotmail.com,Clave1026A!
28,Paloma Núñez Bustos,paloma.nunez@icloud.com,Clave1027C!
29,Julio Coronel Castro,julio.coronel@yahoo.com,Clave1028W!
30,Lina Sánchez Contreras,lina.sanchez@gmail.com,Clave1029L!
31,Marcelo García Villegas,marcelo.garcia@gmail.com,Clave1030Z!
32,Ángeles Cano Ramos,angeles.cano@outlook.com,Clave1031Z!
33,Matías Silva Ruiz,matias.silva@icloud.com,Clave1032K!
34,Nilton Trujillo Cutipa,nilton.trujillo@icloud.com,Clave1033D!
35,Cristina Di Pietro Campos,cristina.dipietro@gmail.com,Clave1034D!
36,Marcelo Ccari Vargas,marcelo.ccari@icloud.com,Clave1035P!
37,Jaime Escobar Concha,jaime.escobar@gmail.com,Clave1036Y!
38,Yenny Castro Rivera,yenny.castro@icloud.com,Clave1037R!
39,Nicolás López Vega,nicolas.lopez@yahoo.com,Clave1038L!
40,Camila Negri De Luca,camila.negri@yahoo.com,Clave1039V!
41,Martín Rodríguez Peña,martin.rodriguez@hotmail.com,Clave1040S!
42,Norberto Rivera Cárdenas,norberto.rivera@gmail.com,Clave1041C!
43,Verónica Mejías Ponce,veronica.mejias@outlook.com,Clave1042V!
44,Susana Solano Zamora,susana.solano@yahoo.com,Clave1043H!
45,Ana Ramos Vásquez,ana.ramos@gmail.com,Clave1044K!
46,Abril Delgado Castillo,abril.delgado@icloud.com,Clave1045W!
47,Carmen Carmona Salazar,carmen.carmona@outlook.com,Clave1046Y!
48,Carlos López Aguilar,carlos.lopez@yahoo.com,Clave1047X!
49,Emilio Sánchez Gallardo,emilio.sanchez@yahoo.com,Clave1048I!
50,Josefina Rodríguez Vera,josefina.rodriguez@hotmail.com,Clave1049P!
51,Luis Castro Aravena,luis.castro@yahoo.com,Clave1050A!
52,Mercedes Gómez Martínez,mercedes.gomez@outlook.com,Clave1051N!
53,Ulises operation_ammountya Leyva,ulises.operation_ammountya@outlook.com,Clave1052L!
54,Mateo operation_ammountya Ortiz,mateo.operation_ammountya@hotmail.com,Clave1053O!
55,Gabriela Martínez Ríos,gabriela.martinez@icloud.com,Clave1054Z!
56,Luisa Serrano Sáez,luisa.serrano@hotmail.com,Clave1055C!
57,Beatriz Torres Figueroa,beatriz.torres@hotmail.com,Clave1056E!
58,Raúl Medina Mejía,raul.medina@outlook.com,Clave1057M!
59,Juan Quiroz Yáñez,juan.quiroz@hotmail.com,Clave1058U!
60,Catalina Ramírez Salazar,catalina.ramirez@hotmail.com,Clave1059V!
61,Danilo Martínez Gómez,danilo.martinez@gmail.com,Clave1060S!
62,Fabiola Alfaro Valencia,fabiola.alfaro@yahoo.com,Clave1061R!
63,Brenda Vásquez Alvarado,brenda.vasquez@yahoo.com,Clave1062E!
64,Antonella Durán Cisternas,antonella.duran@gmail.com,Clave1063O!
65,Elvira Henao Parra,elvira.henao@icloud.com,Clave1064N!
66,Paula Díaz Romero,paula.diaz@hotmail.com,Clave1065S!
67,Leandro Flores Chávez,leandro.flores@hotmail.com,Clave1066Y!
68,Roxana Silvestri Lucero,roxana.silvestri@icloud.com,Clave1067X!
69,Ricardo Jiménez Esteban,ricardo.jimenez@outlook.com,Clave1068G!
70,Elías Durand Valdivia,elias.durand@gmail.com,Clave1069G!
71,Rebeca Gutiérrez Suárez,rebeca.gutierrez@outlook.com,Clave1070Q!
72,Juvenal Inca Yana,juvenal.inca@hotmail.com,Clave1071K!
73,Nancy Rossi Amarilla,nancy.rossi@gmail.com,Clave1072H!
74,Samuel Mendez Zapata,samuel.mendez@yahoo.com,Clave1073I!
75,Jhonnier Navarro Rojas,jhonnier.navarro@gmail.com,Clave1074A!
76,Patricia Chuquimamani Turpo,patricia.chuquimamani@yahoo.com,Clave1075S!
77,María Teresa Silva Morales,mariateresa.silva@outlook.com,Clave1076E!
78,Ana Lucía Gutiérrez Reyes,analucia.gutierrez@yahoo.com,Clave1077S!
79,Robinson Villa Vanegas,robinson.villa@icloud.com,Clave1078G!
80,Arturo Alvarado Rojas,arturo.alvarado@outlook.com,Clave1079G!
81,Elisa Fuentes Serrano,elisa.fuentes@icloud.com,Clave1080I!
82,Helena Delgado Arango,helena.delgado@hotmail.com,Clave1081Y!
83,Óscar Velasco Martínez,oscar.velasco@outlook.com,Clave1082X!
84,Víctor Pacheco Guerrero,victor.pacheco@yahoo.com,Clave1083T!
85,Beatriz Álvarez Guerrero,beatriz.alvarez@outlook.com,Clave1084J!
86,Hugo Bustamante Apaza,hugo.bustamante@icloud.com,Clave1085K!
87,Javiera Velásquez González,javiera.velasquez@outlook.com,Clave1086L!
88,Concepción Mendoza Pérez,concepcion.mendoza@gmail.com,Clave1087F!
89,Karina Luque Carrasco,karina.luque@yahoo.com,Clave1088O!
90,Scarlett Muñoz Silva,scarlett.munoz@yahoo.com,Clave1089P!
91,Cecilia Ríos Valenzuela,cecilia.rios@icloud.com,Clave1090W!
92,Luciano Ramírez Hernández,luciano.ramirez@yahoo.com,Clave1091S!
93,Julio Velázquez Valdez,julio.velazquez@icloud.com,Clave1092S!
94,Jaime Díaz Velasco,jaime.diaz@yahoo.com,Clave1093L!
95,Daniela Córdova Ruiz,daniela.cordova@hotmail.com,Clave1094B!
96,Encarnación Ibáñez López,encarnacion.ibanez@outlook.com,Clave1095B!
97,Florencia Zúñiga Cortés,florencia.zuniga@hotmail.com,Clave1096J!
98,Valentina Soria Ruiz,valentina.soria@yahoo.com,Clave1097R!
99,Valentina Andrade Figueroa,valentina.andrade@icloud.com,Clave1098S!
100,Benjamín Pérez Serra,benjamin.perez@outlook.com,Clave1099B!
